"","cond1","cond2","cond3","cond4","cond5","cond6","cond7","cond8"
"gb",2,2,4.66666666666667,4,3,2,2.5,3.5
"ga",2,2,4,3.33333333333333,2.66666666666667,2,2.5,3.5
"gh",2,2,4,3.33333333333333,2.66666666666667,2,2.5,3.5
