"","EdgeCount","degree_in","degree_out","BetweennessCentrality","eigenvector_centrality","ClusteringCoefficient","pagerank"
"ga",0.666666666666667,2,2,0.6,0.77987350611657,0.166666666666667,0.168885977126105
"gb",0.5,1,2,0.1,0.852417401967967,0.666666666666667,0.134326902177152
"gd",0.166666666666667,0,1,0,0.257011600043674,0,0.0625503618985573
"gh",0.5,1,2,0.0333333333333333,0.806693589822176,0.666666666666667,0.119639295323847
"gi",0.333333333333333,1,1,0,0.595405801924293,1,0.113397062411192
"ge",0.166666666666667,0,1,0,0.257011600043674,0,0.0625503618985573
"gc",0.666666666666667,4,0,0.333333333333333,1,0.5,0.33865003916459
