"","EdgeCount","degree_in","degree_out","BetweennessCentrality","eigenvector_centrality","ClusteringCoefficient","pagerank"
"ga",0.333333333333333,0,2,0,0.516397779494322,0,0.0826446280991735
"gb",0.333333333333333,0,2,0,0.516397779494322,0,0.0826446280991735
"gd",0.166666666666667,0,1,0,0.258198889747161,0,0.0826446280991735
"gh",0.333333333333333,0,2,0,0.516397779494322,0,0.0826446280991735
"gi",0.166666666666667,0,1,0,0.258198889747161,0,0.0826446280991735
"ge",0.166666666666667,0,1,0,0.258198889747161,0,0.0826446280991735
"PD",1.5,9,0,1,1,0,0.504132231404959
