sourceIDs,targetIDs,ranks.sum,p2
ga,gb,96.6405524394516,0.714285714285714
ga,gc,73.9316396179932,0.571428571428571
gb,gc,69.6886085118749,0.571428571428571
gd,ga,55.7801136150297,0.857142857142857
gh,gi,85.7550636212525,0.285714285714286
gh,gc,87.6816851104286,0.571428571428571
gb,gh,110.390597931887,0.428571428571429
gi,gc,45.0530742012404,0.571428571428571
ge,ga,50.441791772785,0.857142857142857
