"","cond1","cond2","cond3","cond4","cond5","cond6","cond7","cond8"
"gh",33.3333333333333,2,4,3.33333333333333,2.66666666666667,2,2.5,3.5
"gi",52.3333333333333,2,29.6666666666667,29.6666666666667,38.3333333333333,13.3333333333333,17.5,3.5
